,alpha1,alpha2,j,k1,k2,k3,k4,last,n,s1,s2,time,w1,w1true,w2,w2true,w3,w3true,w4,w4true,x1,x1nom,x1obs,x2,x2nom,x2obs,x3,x3nom,x3obs,x4,x4nom,x4obs,y1,y1nom,y1obs,y2,y2nom,y2obs
0,0.10000000149011601,0.10000000149011601,0.0,2.041738033294677,0.10000000149011601,0.32359370589256203,2.630268096923828,0,2.041738033294677,0.6165949702262871,0.45708820223808205,0.0,0.12375029921531601,0,0.20121240615844702,0,0.19395180046558302,0.0,-0.48370409011840804,0,2.041738033294677,2.041737944669529,2.041737944669529,0.0,0.0,0.0,0.0,0.0,0.0,0.0,0.0,0.0,0.0,0.0,0.0,0.933254301548004,0.9332543007969901,0.933254301548004
1,0.10000000149011601,0.10000000149011601,-0.000558223575353,2.041738033294677,0.10000000149011601,0.32359370589256203,2.630268096923828,0,2.041738033294677,0.6165949702262871,0.45708820223808205,0.20408159494400002,0.081346303224563,0,0.20454549789428703,0,0.138049006462097,0.20131710837464,-0.46279940009117104,0,1.452929973602295,1.345977015862856,1.345977016698075,0.63882440328598,0.692138685549612,0.6921386859730271,0.030334210023283,0.0017797443540990001,0.022013120722702003,-0.092445597052574,3.137727443126354e-05,0.000480458609887,0.43130379915237405,0.42896401705152404,0.45391559600830006,0.983847200870513,0.933225616433861,0.9517225027084351
2,0.10000000149011601,0.10000000149011601,0.0018277609487990002,2.041738033294677,0.10000000149011601,0.32359370589256203,2.630268096923828,0,2.041738033294677,0.6165949702262871,0.45708820223808205,0.40816330909729004,0.089945562183856,0,0.224141806364059,0,0.219258293509483,0.387523805780278,-0.46279931068420405,0,1.03854501247406,0.8873098284366691,0.887309829359432,1.092931985855102,1.132834939648961,1.132834941450076,0.08186318725347501,0.010405266746504,0.08804038840561601,-0.18148820102214802,0.00039132154544400005,0.00388359176813,0.7748495936393731,0.7113320326594631,0.8070709109306331,1.049110054969787,0.9328965638834621,1.00386905670166
3,0.10000000149011601,0.10000000149011601,0.008000356145203,2.041738033294677,0.10000000149011601,0.32359370589256203,2.630268096923828,0,2.041738033294677,0.6165949702262871,0.45708820223808205,0.6122449040412901,0.11843430250883101,0,0.25486660003662104,0,0.30640539526939303,0.54937448477155,-0.46279919147491405,0,0.750144004821777,0.5849421790007191,0.5849421778636941,1.416566014289856,1.401700761750512,1.4017007599264741,0.15465709567070002,0.025987175557980004,0.191788091498375,-0.265723586082458,0.0015603264011670001,0.012941068550762,1.064169049263,0.8963288089238931,1.100793004035949,1.1317609548568721,0.931827887257154,1.083399057388305
4,0.10000000149011601,0.10000000149011601,0.01807109080255,2.041738033294677,0.10000000149011601,0.32359370589256203,2.630268096923828,0,2.041738033294677,0.6165949702262871,0.45708820223808205,0.8163264989852901,0.151813000440597,0,0.28770619630813604,0,0.388790696859359,0.6846171643127801,-0.46279919147491405,0,0.551377594470977,0.38561204274431005,0.385612031966432,1.649503946304321,1.555896537518339,1.555896518520867,0.24554930627346003,0.046189328232985,0.323819427269303,-0.343956410884857,0.0039253539704540005,0.029836917635658003,1.319885015487671,1.016318246302991,1.358688950538635,1.230471968650817,0.9296658349170861,1.183469057083129
5,0.10000000149011601,0.10000000149011601,0.031731188297271,2.041738033294677,0.10000000149011601,0.32359370589256203,2.630268096923828,0,2.041738033294677,0.6165949702262871,0.45708820223808205,1.020408034324646,0.18288169801235202,0,0.317680895328521,0,0.46057298779487604,0.7954988299827701,-0.46279919147491405,0,0.415548890829086,0.254207428673151,0.254207415215986,1.819898009300232,1.635017256890823,1.635017228585547,0.350211113691329,0.06854864272727601,0.47508034522631404,-0.415277510881423,0.007707986825500001,0.056132833403220006,1.554016947746276,1.092676969536207,1.594007968902588,1.3419510126113892,0.9262078413097041,1.297850012779235
6,0.10000000149011601,0.10000000149011601,0.048490028828382006,2.041738033294677,0.10000000149011601,0.32359370589256203,2.630268096923828,0,2.041738033294677,0.6165949702262871,0.45708820223808205,1.224490046501159,0.20899200439453103,0,0.34294059872627203,0,0.520293414592742,0.885975080852296,-0.46279919147491405,0,0.323432207107543,0.167581430904285,0.167581421025695,1.9472719430923462,1.665837807406105,1.6658377713853092,0.464414685964584,0.09117477191048301,0.6381624775940531,-0.47905659675598106,0.012984581269085001,0.09284394434875501,1.773390054702758,1.139583083270224,1.814123034477233,1.462468981742858,0.921384103306603,1.4214270114898682
7,0.10000000149011601,0.10000000149011601,0.06782335042953401,2.041738033294677,0.10000000149011601,0.32359370589256203,2.630268096923828,0,2.041738033294677,0.6165949702262871,0.45708820223808205,1.428570985794067,0.229747906327247,0,0.363311499357223,0,0.568804800510406,0.9600703624056881,-0.46279919147491405,0,0.261399298906326,0.11047488299925201,0.11047487636127601,2.044994115829467,1.666165643840424,1.666165606525309,0.5845645070075981,0.112820409836379,0.807458441245061,-0.534901022911071,0.019728299078546,0.140556375358229,1.9818120002746582,1.166478409891475,2.023098945617676,1.588619947433471,0.9152191557770031,1.550240993499755
8,0.10000000149011601,0.10000000149011601,0.08924774825572901,2.041738033294677,0.10000000149011601,0.32359370589256203,2.630268096923828,0,2.041738033294677,0.6165949702262871,0.45708820223808205,1.632652997970581,0.24569770693778903,0,0.37932240962982106,0,0.6077998280525201,1.021236313268517,-0.46279919147491405,0,0.21990959346294403,0.07282847359654701,0.072828468196445,2.122136116027832,1.647701218389213,1.647701180601282,0.707813203334808,0.132756236799943,0.9789000769319921,-0.5826061964035031,0.02784788954194,0.199538647050908,2.181365966796875,1.179677999973433,2.223134040832519,1.7175869941711421,0.907796417966349,1.681321024894714
9,0.10000000149011601,0.10000000149011601,0.11234910041093801,2.041738033294677,0.10000000149011601,0.32359370589256203,2.630268096923828,0,2.041738033294677,0.6165949702262871,0.45708820223808205,1.836735010147094,0.25767961144447304,0,0.39170160889625505,0,0.639065384864807,1.072228421156678,-0.46279919147491405,0,0.19234900176525102,0.048010793272129,0.048010789493419005,2.184812068939209,1.6180569573257562,1.618056920934555,0.8319957852363581,0.150618302915035,1.149609857808044,-0.6221104264259331,0.037216794120785004,0.269831812055412,2.3731529712677,1.183426818146798,2.415373086929321,1.847162961959838,0.899231586701111,1.8124860525131221
10,0.10000000149011601,0.10000000149011601,0.13678629696369102,2.041738033294677,0.10000000149011601,0.32359370589256203,2.630268096923828,0,2.041738033294677,0.6165949702262871,0.45708820223808205,2.040816068649292,0.266530692577362,0,0.401158511638641,0,0.664187014102935,1.115180673583672,-0.46279919147491405,0,0.174169793725013,0.031650206564825,0.031650204092837,2.237122058868408,1.582139809477657,1.5821397740821421,0.9555088281631471,0.166281071634714,1.3175895493454282,-0.653457880020141,0.047692892678808003,0.35131745894968003,2.557722091674804,1.180595654118273,2.600378036499023,1.9756770133972161,0.8896545848528841,1.942154049873352
11,0.10000000149011601,0.10000000149011601,0.16228489577770203,2.041738033294677,0.10000000149011601,0.32359370589256203,2.630268096923828,0,2.041738033294677,0.6165949702262871,0.45708820223808205,2.244898080825805,0.272976607084274,0,0.40830600261688205,0,0.6844714879989621,1.151728827095076,-0.46279919147491405,0,0.162266105413436,0.020864799441863,0.020864797861809,2.281810045242309,1.543080412635892,1.543080378521878,1.077185988426208,0.179765342776446,1.481476570903793,-0.6767697930335991,0.05913102351944,0.44376735691690605,2.735327959060669,1.17314049362939,2.778398036956787,2.101897001266479,0.8791981158158391,2.069191932678222
12,0.10000000149011601,0.10000000149011601,0.18862670660018901,2.041738033294677,0.10000000149011601,0.32359370589256203,2.630268096923828,0,2.041738033294677,0.6165949702262871,0.45708820223808205,2.448980093002319,0.277604192495346,0,0.41364508867263705,0,0.700959801673889,1.183126748420898,-0.46279919147491405,0,0.15453019738197302,0.013754724153363,0.013754723105913,2.320710897445678,1.502850220461296,1.502850187877182,1.19619596004486,0.191176049541311,1.640364054861993,-0.6922224164009091,0.07139045048612201,0.546879175690704,2.906075954437256,1.162406327728453,2.949529886245727,2.224937915802002,0.867990837260006,2.192804098129272
13,0.10000000149011601,0.10000000149011601,0.215639203786849,2.041738033294677,0.10000000149011601,0.32359370589256203,2.630268096923828,0,2.041738033294677,0.6165949702262871,0.45708820223808205,2.653060913085937,0.280869305133819,0,0.417574197053909,0,0.714468300342559,1.21034073815249,-0.46279919147491405,0,0.14953990280628202,0.009067541582428,0.009067540883218001,2.355056047439575,1.462668226074656,1.462668195066748,1.311957001686096,0.20066209615826502,1.793671322863038,-0.7000302076339721,0.08433899234795601,0.660302064844949,3.070008993148803,1.149328408687703,3.113811016082763,2.344182014465332,0.85615358614445,2.312444925308227
14,0.10000000149011601,0.10000000149011601,0.24318639934062902,2.041738033294677,0.10000000149011601,0.32359370589256203,2.630268096923828,0,2.041738033294677,0.6165949702262871,0.45708820223808205,2.857142925262451,0.28311729431152305,0,0.420404404401779,0,0.7256339788436891,1.234121507408169,-0.46279960870742803,0,0.146341294050216,0.005977605156633,0.005977604704804001,2.385683059692383,1.423267622784907,1.423267593307589,1.424074053764343,0.208391325566114,1.9410515523521141,-0.700433909893035,0.09785503279787801,0.783654973897635,3.227154970169067,1.134565802071158,3.271265029907226,2.459213972091675,0.8437975412244171,2.427755117416382
15,0.10000000149011601,0.10000000149011601,0.28444218635559004,2.041738033294677,0.10000000149011601,0.32359370589256203,2.630268096923828,0,2.041738033294677,0.6165949702262871,0.45708820223808205,3.061223983764648,0.28460478782653803,0,0.42237630486488303,0,0.734953701496124,1.2550577240141871,0.32517790794372503,0,0.14429779350757602,0.003940623052353,0.003940622774629,2.413168907165527,1.385069965437298,1.3850699374296451,1.532292962074279,0.214535448126974,2.082326005808773,-0.5328791141510011,0.111828229962963,0.9165398023004531,3.377556085586548,1.1185901879915061,3.421931028366089,2.569773912429809,0.8310235744337761,2.5385138988494873
16,0.10000000149011601,0.10000000149011601,0.326055407524108,2.041738033294677,0.10000000149011601,0.32359370589256203,2.630268096923828,0,2.041738033294677,0.6165949702262871,0.45708820223808205,3.265305995941162,0.285519510507583,0,0.423673599958419,0,0.742816805839538,1.27361549637858,0.325535207986831,0,0.14298699796199701,0.002597781163482,0.0025977814402470003,2.437922000885009,1.348298553537451,1.348298526380095,1.6364619731903072,0.21926134777229503,2.217436980880565,-0.35837221145629805,0.126159457212002,1.058550860370716,3.52128005027771,1.101745051403877,3.565875053405761,2.675718069076538,0.8179223049973321,2.6446070671081543
17,0.10000000149011601,0.10000000149011601,0.368052989244461,2.041738033294677,0.10000000149011601,0.32359370589256203,2.630268096923828,0,2.041738033294677,0.6165949702262871,0.45708820223808205,3.4693880081176762,0.285996496677398,0,0.42443579435348505,0,0.749530315399169,1.290167479455251,0.328198313713073,0,0.142130494117736,0.0017125384557910002,0.0017125373736600002,2.460242986679077,1.313052014699736,1.313051990623306,1.736510992050171,0.222726383544355,2.34641391421418,-0.176714599132537,0.140760312212644,1.209281683052623,3.658421039581299,1.084285259200273,3.703195095062256,2.776990890502929,0.8045745482391861,2.746000051498413
18,0.10000000149011601,0.10000000149011601,0.41027280688285805,2.041738033294677,0.10000000149011601,0.32359370589256203,2.630268096923828,0,2.041738033294677,0.6165949702262871,0.45708820223808205,3.673469066619873,0.286131292581558,0,0.42476710677146906,0,0.7553387284278871,1.305014423354512,0.328199595212936,0,0.14154540002346,0.001128957559802,0.001128957069242,2.480357885360717,1.279351893818286,1.279351870426994,1.832424044609069,0.22507614319167002,2.469348760138833,0.011277319863438,0.155552403454049,1.368329928561976,3.7891039848327632,1.066403633210863,3.8340179920196533,2.873600006103515,0.791051967826882,2.8427131175994873
19,0.10000000149011601,0.10000000149011601,0.45267179608345004,2.041738033294677,0.10000000149011601,0.32359370589256203,2.630268096923828,0,2.041738033294677,0.6165949702262871,0.45708820223808205,3.877551078796386,0.285989791154861,0,0.42474389076232905,0,0.760438799858093,1.318401235988431,0.32820019125938404,0,0.141111895442008,0.000744243235842,0.0007442431745770001,2.498449087142944,1.247173281400678,1.247173258693413,1.924234986305236,0.22644366893878,2.58637794690717,0.205332607030868,0.17046654107772302,1.535300881029378,3.913479089736938,1.048248880708498,3.95849609375,2.965603113174438,0.7774178154947381,2.934813976287842
20,0.10000000149011601,0.10000000149011601,0.495215386152267,2.041738033294677,0.10000000149011601,0.32359370589256203,2.630268096923828,0,2.041738033294677,0.6165949702262871,0.45708820223808205,4.0816330909729,0.285615414381027,0,0.42442071437835605,0,0.764991402626037,1.330529054013958,0.328200787305831,0,0.14075210690498302,0.00049062796956,0.000490627543757,2.514664888381958,1.216464428072884,1.21646440692185,2.012008905410766,0.22694953668252102,2.697669044617652,0.405184388160705,0.185441907631019,1.709809925563385,4.031719207763672,1.029937786278471,4.076804161071777,3.053091049194336,0.7637276891214071,3.022401094436645
21,0.10000000149011601,0.10000000149011601,0.537875175476074,2.041738033294677,0.10000000149011601,0.32359370589256203,2.630268096923828,0,2.041738033294677,0.6165949702262871,0.45708820223808205,4.285714149475098,0.28503438830375605,0,0.42383420467376703,0,0.7691299915313721,1.341564393517901,0.328201293945312,0,0.14041429758071902,0.00032343685347300003,0.000323436695648,2.5291309356689453,1.1871591866466211,1.187159166231629,2.095835924148559,0.22670240938843203,2.80341084298647,0.610572218894958,0.20042525119628402,1.891484261054825,4.144012928009033,1.011563565977975,4.189135074615478,3.136181116104126,0.7500302703521581,3.1055960655212402
22,0.10000000149011601,0.10000000149011601,0.5806279778480531,2.041738033294677,0.10000000149011601,0.32359370589256203,2.630268096923828,0,2.041738033294677,0.6165949702262871,0.45708820223808205,4.489796161651611,0.284260094165802,0,0.42300671339035,0,0.772967517375946,1.351646149004301,0.32820171117782504,0,0.140064403414726,0.00021321949598000002,0.00021321940098800003,2.541954040527343,1.1591848157285631,1.159184796201098,2.175827026367187,0.22579983073099102,2.9038059185131173,0.8212426900863641,0.21537012399150002,2.079964044549833,4.250564098358154,0.9932016577117521,4.295691967010498,3.215008974075317,0.7363680206521781,3.184537887573242
23,0.10000000149011601,0.10000000149011601,0.623454272747039,2.041738033294677,0.10000000149011601,0.32359370589256203,2.630268096923828,0,2.041738033294677,0.6165949702262871,0.45708820223808205,4.693878173828125,0.28329500555992104,0,0.42194849252700806,0,0.776602327823638,1.3608909942012581,0.328202009201049,0,0.13967840373516002,0.00014056079917100002,0.000140560732532,2.5532279014587402,1.132466792270604,1.1324667736068301,2.252109050750732,0.22432911850485202,2.9990650432662953,1.036950945854187,0.23023617729502302,2.27490310839794,4.351585865020752,0.9749137903723281,4.396689891815185,3.289720058441162,0.722777825869727,3.259376049041748
24,0.10000000149011601,0.10000000149011601,0.6663377881050111,2.041738033294677,0.10000000149011601,0.32359370589256203,2.630268096923828,0,2.041738033294677,0.6165949702262871,0.45708820223808205,4.897959232330322,0.282133311033248,0,0.42065981030464106,0,0.7801215052604671,1.3693975857673761,0.328202307224273,0,0.139238506555557,9.266199610446259e-05,9.266154768474636e-05,2.563031911849975,1.106931697325858,1.106931679948557,2.324819087982177,0.22236827638962603,3.089402967793919,1.257460951805114,0.24498851628415602,2.4759693556872833,4.447296142578125,0.956750887561963,4.492349147796631,3.360470056533813,0.7092915860274711,3.330266952514648
25,0.10000000149011601,0.10000000149011601,0.70926421880722,2.041738033294677,0.10000000149011601,0.32359370589256203,2.630268096923828,0,2.041738033294677,0.6165949702262871,0.45708820223808205,5.102040767669678,0.280761301517486,0,0.41913178563117903,0,0.7836053967475891,1.377249862639714,0.328202486038208,0,0.13873040676116902,6.108508889711417e-05,6.108611267432899e-05,2.571430921554565,1.082508875897622,1.082508857803697,2.394104957580566,0.21998687748661802,3.175035240906127,1.482547044754028,0.259597114354886,2.6828449126263143,4.5379180908203125,0.938755180615891,4.58289098739624,3.427417039871216,0.695936750737549,3.397372007369995
26,0.10000000149011601,0.10000000149011601,0.752221286296844,2.041738033294677,0.10000000149011601,0.32359370589256203,2.630268096923828,0,2.041738033294677,0.6165949702262871,0.45708820223808205,5.306121826171875,0.27915841341018605,0,0.41734731197357106,0,0.7871298789978021,1.384519656378962,0.328202694654464,0,0.13814079761505102,4.0270098241844956e-05,4.0270582494235625e-05,2.5784800052642822,1.059131314856544,1.059131298139821,2.460120916366577,0.21724689559204002,3.256175811813514,1.7119920253753662,0.274036284265331,2.8952260991878003,4.623673915863037,0.9209617750394751,4.668539047241211,3.49072003364563,0.682736802669735,3.460854053497314
27,0.10000000149011601,0.10000000149011601,0.7951977849006651,2.041738033294677,0.10000000149011601,0.32359370589256203,2.630268096923828,0,2.041738033294677,0.6165949702262871,0.45708820223808205,5.510203838348389,0.27729719877243003,0,0.41528189182281405,0,0.7907689213752741,1.391268772232075,0.32820290327072105,0,0.137456506490707,2.6547881268346883e-05,2.654775492816815e-05,2.584218025207519,1.0367360474261411,1.036736032017721,2.523026943206787,0.21420347296479603,3.333035239882917,1.9455920457839961,0.288284201716262,3.112823261043386,4.7047882080078125,0.9033998467155171,4.749512195587158,3.550537109375,0.669711693082878,3.5208740234375
28,0.10000000149011601,0.10000000149011601,0.838183581829071,2.041738033294677,0.10000000149011601,0.32359370589256203,2.630268096923828,0,2.041738033294677,0.6165949702262871,0.45708820223808205,5.714285850524902,0.27514299750328003,0,0.41290318965911804,0,0.794597089290618,1.397550660342531,0.328203707933425,0,0.136663198471069,1.750119505743558e-05,1.7501112523888774e-05,2.588669061660766,1.01526424511831,1.015264230156842,2.582989931106567,0.21090562135569002,3.405819369190363,2.183151006698608,0.30232247782239,3.335360499520686,4.781477928161621,0.8860935630934381,4.826028823852539,3.607026100158691,0.6568782326615511,3.577593088150024
29,0.10000000149011601,0.10000000149011601,0.8811014890670771,2.041738033294677,0.10000000149011601,0.32359370589256203,2.630268096923828,0,2.041738033294677,0.6165949702262871,0.45708820223808205,5.9183669090271,0.272653102874755,0,0.41017159819602905,0,0.798691391944885,1.403411767136313,0.32653871178627003,0,0.13574449717998502,1.1537302513401912e-05,1.153748906698906e-05,2.591845035552978,0.9946611425811871,0.994661128144906,2.640180110931396,0.207396856756652,3.4747283642571922,2.424148082733154,0.31613577563626105,3.5625753263128193,4.853961944580078,0.8690628196172581,4.898303031921387,3.660339117050171,0.644250442080844,3.631167888641357
30,0.10000000149011601,0.10000000149011601,0.923411071300506,2.041738033294677,0.10000000149011601,0.32359370589256203,2.630268096923828,0,2.041738033294677,0.6165949702262871,0.45708820223808205,6.122448921203613,0.269775301218032,0,0.40703949332237205,0,0.8031339049339291,1.408892635286228,-0.311871409416198,0,0.134681403636932,7.605749477424291e-06,7.6056149414351144e-06,2.593738079071045,0.974875862673184,0.9748758491586961,2.69477105140686,0.20371577146411501,3.539956019290352,2.538461923599243,0.32971146665931805,3.794218265294619,4.922451019287109,0.8523238373299451,4.966541767120361,3.710623979568481,0.6318398660158441,3.68175196647644
31,0.10000000149011601,0.10000000149011601,0.9657009243965141,2.041738033294677,0.10000000149011601,0.32359370589256203,2.630268096923828,0,2.041738033294677,0.6165949702262871,0.45708820223808205,6.326530933380127,0.266446202993392,0,0.403451591730117,0,0.808013498783111,1.4140288046263891,-0.31185251474380404,0,0.13345150649547502,5.0137913099794275e-06,5.0138211361867155e-06,2.594325065612793,0.9558611865214591,0.9558611733880361,2.746942996978759,0.19989654970276202,3.601689297373322,2.65622591972351,0.343039322475617,4.030052414465953,4.987151145935059,0.8358896569546741,5.030945777893066,3.758024930953979,0.6196558550428041,3.729494094848633
32,0.10000000149011601,0.10000000149011601,1.007962942123413,2.041738033294677,0.10000000149011601,0.32359370589256203,2.630268096923828,0,2.041738033294677,0.6165949702262871,0.45708820223808205,6.530611991882324,0.262587189674377,0,0.39934378862380904,0,0.813428878784179,1.418851554412689,-0.31185239553451505,0,0.132027402520179,3.30519718543669e-06,3.305151432584095e-06,2.593560934066772,0.9375733029833211,0.937573290408737,2.796881914138794,0.195969428632351,3.660108033096152,2.777287006378174,0.356111239612159,4.269852984752686,5.048264026641846,0.8197705529229941,5.09171199798584,3.802678108215332,0.607705817165329,3.774538993835449
33,0.10000000149011601,0.10000000149011601,1.050127029418945,2.041738033294677,0.10000000149011601,0.32359370589256203,2.630268096923828,0,2.041738033294677,0.6165949702262871,0.45708820223808205,6.734694004058838,0.258100509643554,0,0.394643485546112,0,0.8194916844367981,1.4233885183105721,-0.31034201383590704,0,0.130375802516937,2.178831056175941e-06,2.178783879220737e-06,2.591379880905151,0.9199715554517711,0.9199715432831951,2.844779968261718,0.191961112614033,3.715384772361757,2.901819944381714,0.36892099257931704,4.513406823077065,5.105987071990967,0.8039743881254591,5.149024963378906,3.844713926315307,0.595995443578985,3.817025899887085
34,0.10000000149011601,0.10000000149011601,1.091477990150451,2.041738033294677,0.10000000149011601,0.32359370589256203,2.630268096923828,0,2.041738033294677,0.6165949702262871,0.45708820223808205,6.9387760162353525,0.252861201763153,0,0.38926899433135903,0,0.8263304829597471,1.427664196655702,-0.291595309972763,0,0.128455206751823,1.43630681492733e-06,1.436394926387541e-06,2.587692975997925,0.9030181942156281,0.903018180846443,2.8908369541168213,0.187895143979695,3.767684718062411,3.033220052719116,0.38146401309384703,4.760511924670819,5.160510063171387,0.788506918447184,5.203067779541016,3.884253978729248,0.584528910500407,3.857088088989258
35,0.10000000149011601,0.10000000149011601,1.1335920095443721,2.041738033294677,0.10000000149011601,0.32359370589256203,2.630268096923828,0,2.041738033294677,0.6165949702262871,0.45708820223808205,7.142857074737549,0.246705904603004,0,0.38313019275665205,0,0.8340964913368221,1.431700385312825,-0.31166860461235,0,0.126212894916534,9.468321419785869e-07,9.462127670596364e-07,2.582379102706909,0.886678142601873,0.886678123625357,2.935265064239502,0.18379223514582602,3.817165747810321,3.163458108901977,0.393737192471929,5.010976951351218,5.212020874023437,0.773372058131872,5.254012107849121,3.921415090560913,0.5733090598149151,3.894853115081787
36,0.10000000149011601,0.10000000149011601,1.175822973251342,2.041738033294677,0.10000000149011601,0.32359370589256203,2.630268096923828,0,2.041738033294677,0.6165949702262871,0.45708820223808205,7.346939086914062,0.23941560089588101,0,0.37612950801849304,0,0.8429710865020751,1.435516536443835,-0.31619781255722,0,0.123579800128936,6.241584400095707e-07,6.236911469480361e-07,2.575285911560058,0.870918778469551,0.8709187533518351,2.978288888931274,0.179670566322108,3.8639785095625703,3.295613050460815,0.40573870469866,5.264620765891023,5.260704040527344,0.7585721121833,5.302023887634277,3.956300973892212,0.5623375608222,3.930444955825805
37,0.10000000149011601,0.10000000149011601,1.217973947525024,2.041738033294677,0.10000000149011601,0.32359370589256203,2.630268096923828,0,2.041738033294677,0.6165949702262871,0.45708820223808205,7.55102014541626,0.23068790137767703,0,0.36816421151161105,0,0.8531774282455441,1.439130063388773,-0.31619688868522605,0,0.120463900268077,4.1155360767653206e-07,4.1150865730995266e-07,2.566220998764038,0.8557097328819241,0.8557097016778331,3.020154953002929,0.175546051559609,3.9082665523733793,3.430531978607177,0.41746784855738805,5.521271936849738,5.306743144989014,0.744107980315564,5.347261905670166,3.989006042480468,0.551615054557963,3.963979959487915
38,0.10000000149011601,0.10000000149011601,1.26003098487854,2.041738033294677,0.10000000149011601,0.32359370589256203,2.630268096923828,0,2.041738033294677,0.6165949702262871,0.45708820223808205,7.755102157592773,0.22009429335594102,0,0.35913088917732205,0,0.8649957776069641,1.442556599442909,-0.316196709871292,0,0.11673840135335901,2.71587820443304e-07,2.713580397298368e-07,2.554939031600952,0.841022705838777,0.841022667923442,3.061136960983276,0.171432577286753,3.9501664993926733,3.568157911300659,0.42892490633471203,5.780768282015432,5.350326061248779,0.729979337494698,5.389875888824463,4.01961088180542,0.541141282962463,3.9955708980560303
39,0.10000000149011601,0.10000000149011601,1.301978945732116,2.041738033294677,0.10000000149011601,0.32359370589256203,2.630268096923828,0,2.041738033294677,0.6165949702262871,0.45708820223808205,7.959184169769287,0.20701189339160903,0,0.34893280267715404,0,0.8787882924079891,1.445810218415865,-0.316196501255035,0,0.112224102020263,1.786162806661903e-07,1.789190296411918e-07,2.541130065917968,0.8268312931545461,0.8268312478309201,3.101547002792358,0.16734222304340501,3.989808248251837,3.708452939987182,0.44011101340594405,6.042956415104321,5.3916449546813965,0.7161847993996661,5.430012226104736,4.048178195953369,0.530915208102408,4.025322914123535
40,0.10000000149011601,0.10000000149011601,1.343799948692321,2.041738033294677,0.10000000149011601,0.32359370589256203,2.630268096923828,0,2.041738033294677,0.6165949702262871,0.45708820223808205,8.163265228271484,0.190515398979187,0,0.33748871088027904,0,0.8950260877609251,1.4489036233630381,-0.316196411848068,0,0.10666110366582801,1.166833886534867e-07,1.18098955724075e-07,2.5243980884552,0.8131108367185551,0.813110785193442,3.141751050949096,0.16328544553055102,4.027315183510106,3.851402997970581,0.45102805010324004,6.307691319461073,5.430908203125,0.702722057061795,5.467804908752441,4.074740886688232,0.5209351110225551,4.053339958190918
41,0.10000000149011601,0.10000000149011601,1.3854689598083492,2.041738033294677,0.10000000149011601,0.32359370589256203,2.630268096923828,0,2.041738033294677,0.6165949702262871,0.45708820223808205,8.36734676361084,0.169201806187629,0,0.32473510503768904,0,0.9143077135086061,1.451848308693702,-0.316196203231811,0,0.09966398030519401,7.596642815529375e-08,7.793455292762905e-08,2.5042190551757812,0.799838284357093,0.799838227294772,3.182184934616089,0.159271252290301,4.062804413753133,3.997023105621338,0.461678539882702,6.5748359129785285,5.468327045440674,0.6895880046368841,5.5033860206604,4.0992817878723145,0.511198684838943,4.079716205596924
42,0.10000000149011601,0.10000000149011601,1.4269399642944331,2.041738033294677,0.10000000149011601,0.32359370589256203,2.630268096923828,0,2.041738033294677,0.6165949702262871,0.45708820223808205,8.571429252624512,0.140884295105934,0,0.31056129932403503,0,0.9372419714927671,1.4546546999149061,-0.316196113824844,0,0.09064556658267901,4.9864567671841375e-08,5.1398359013250553e-08,2.479865074157715,0.786992059584198,0.7869919991544571,3.223341941833496,0.155307361867305,4.096387008101598,4.145360946655273,0.472065555743075,6.844260647272092,5.504065990447998,0.676778856603637,5.536879062652588,4.121654033660889,0.501703120288706,4.10454511642456
43,0.10000000149011601,0.10000000149011601,1.468103051185608,2.041738033294677,0.10000000149011601,0.32359370589256203,2.630268096923828,0,2.041738033294677,0.6165949702262871,0.45708820223808205,8.77550983428955,0.10210049897432301,0,0.29450920224189703,0,0.9638546705245971,1.45733227451284,-0.31619590520858704,0,0.078692659735679,3.279551539922525e-08,3.3916569131385124e-08,2.450237035751342,0.7745519505550381,0.774551887793493,3.265646934509277,0.151400338402349,4.128168240205103,4.296493053436279,0.48219264225713704,7.115843116313418,5.537967205047607,0.66429024527235,5.568400859832764,4.141321182250977,0.492445177007134,4.127912044525146
44,0.10000000149011601,0.10000000149011601,1.508555054664611,2.041738033294677,0.10000000149011601,0.32359370589256203,2.630268096923828,0,2.041738033294677,0.6165949702262871,0.45708820223808205,8.979592323303223,0.046950031071901,0,0.27419099211692805,0,0.9903910756111141,1.45988966686339,-0.31619578599929804,0,0.062310628592967,2.131834017437626e-08,2.239168045788338e-08,2.413300991058349,0.762499002719324,0.7624989367271671,3.308691024780273,0.147555716420039,4.158247834782863,4.450468063354492,0.492063743895891,7.38946767998809,5.568274974822998,0.6521173084824731,5.598062992095947,4.156300067901611,0.48342124905200906,4.149900913238525
45,0.10000000149011601,0.10000000149011601,1.5433939695358272,2.041738033294677,0.10000000149011601,0.32359370589256203,2.630268096923828,0,2.041738033294677,0.6165949702262871,0.45708820223808205,9.183672904968262,0.18846569955348902,0,0.238642305135726,0,0.9957770109176631,1.462334759570087,-0.31619569659233004,0,0.07113316655158901,1.347124154463964e-08,1.481872134339787e-08,2.376396894454956,0.750815419814372,0.750815349557654,3.348407030105591,0.14377811749483002,4.186720213914375,4.607065200805664,0.5016831381971261,7.665025103121796,5.594497203826904,0.6402547724268031,5.625970840454102,4.179771900177002,0.47462742599932306,4.170589923858643
46,0.10000000149011601,0.10000000149011601,1.57939600944519,2.041738033294677,0.10000000149011601,0.32359370589256203,2.630268096923828,0,2.041738033294677,0.6165949702262871,0.45708820223808205,9.387755393981934,0.082745186984539,0,0.19991329312324502,0,1.003419041633606,1.464674763226464,-0.31619560718536305,0,0.062131088227033004,8.819223319760279e-09,9.901136414796288e-09,2.332108974456787,0.7394844794192621,0.7394844192699841,3.385122060775757,0.14007134694991902,4.213674690018908,4.766087055206299,0.511055381265601,7.94241228004878,5.612465858459473,0.628697018830709,5.652224063873291,4.18897819519043,0.46605954276572303,4.190051078796387
47,0.10000000149011601,0.10000000149011601,1.626417994499206,2.041738033294677,0.10000000149011601,0.32359370589256203,2.630268096923828,0,2.041738033294677,0.6165949702262871,0.45708820223808205,9.591836929321289,0.77012687921524,0,0.11671239882707501,0,0.9315972924232481,1.466916286272303,-0.316194802522659,0,0.154798299074172,6.381865850728367e-09,6.522054272211616e-09,2.311398029327392,0.728490455228164,0.728490404444321,3.404901981353759,0.136438484585894,4.23919582454061,4.926415920257568,0.5201852569438551,8.22153173487433,5.624086856842041,0.6174381489119161,5.67691707611084,4.239950180053711,0.45771322607536,4.208356857299805
48,0.10000000149011601,0.10000000149011601,1.6575239896774292,2.041738033294677,0.10000000149011601,0.32359370589256203,2.630268096923828,0,2.041738033294677,0.6165949702262871,0.45708820223808205,9.795918464660645,0.020885970443487,0,0.09555543214082701,0,0.9111278057098381,1.469065396344699,-0.311720192432403,0,0.11227700114250101,4.5997664944618064e-09,4.0460629541868e-09,2.272308111190796,0.717818538364085,0.7178184933534021,3.417823076248169,0.132881973840649,4.263363557127662,5.088510990142822,0.529077727012188,8.502291454362647,5.615918159484863,0.606472044814075,5.700140953063965,4.214457988739014,0.44958393998588103,4.225573062896728
49,0.10000000149011601,0.10000000149011601,1.6845060586929321,2.041738033294677,0.10000000149011601,0.32359370589256203,2.630268096923828,1,2.041738033294677,0.6165949702262871,0.45708820223808205,10.0,0.06165852025151201,0,-0.166360199451446,0,0.571937680244445,1.471127674303734,-0.14095589518547,0,0.08813583850860501,2.7796806386724157e-09,2.353749021384198e-09,2.178266048431396,0.7074547783996941,0.7074547388880751,3.360994100570678,0.12940368284126302,4.286253427992012,5.281702995300293,0.5377378989038131,8.784604596151546,5.487852096557617,0.595792408529056,5.721978187561035,4.108487129211426,0.44166701540248904,4.241761207580566
